﻿<?xml version="1.0" encoding="utf-8" ?>
<!--
DO NOT EDIT THIS FILE. IT WILL GET OVERWRITTEN IN AN UPDATE.

Instead, create your own. See the docs:
https://docs.phpvms.net/acars/configmaps

Contributed by B.Fatih KOZ <https://github.com/FatihKoz>
-->
<Rules>
  <Rule Simulator="X-Plane" TitleContains="FJS 722">
    <BeaconLights>
      <Key Type="Int" Key="FJS/727/lights/BeaconLightSwitch" Value="1"/>
    </BeaconLights>
    <LandingLights>
      <Key Type="Int" Key="FJS/727/lights/InboundLLSwitch_L" Value="1"/>
      <Key Type="Int" Key="FJS/727/lights/InboundLLSwitch_R" Value="1"/>
      <Key Type="Int" Key="FJS/727/lights/OutboundLLSwitch_L" Value="1"/>
      <Key Type="Int" Key="FJS/727/lights/OutboundLLSwitch_R" Value="1"/>
    </LandingLights>
    <NavigationLights>
      <Key Type="Int" Key="FJS/727/lights/NavLightSwitch" Value="1"/>
    </NavigationLights>
    <StrobeLights>
      <Key Type="Int" Key="FJS/727/lights/StrobeLightSwitch" Value="1"/>
    </StrobeLights>
    <TaxiLight>
      <Key Type="Int" Key="FJS/727/lights/TaxiLightSwitch" Value="1"/>
    </TaxiLight>
    <WingLight>
      <Key Type="Int" Key="FJS/727/lights/WingLightSwitch" Value="1"/>
    </WingLight>
    <LogoLight>
      <Key Type="Int" Key="FJS/727/lights/LogoLightSwitch" Value="1"/>
    </LogoLight>
  </Rule>
</Rules>