﻿<?xml version="1.0" encoding="utf-8" ?>
<!--
DO NOT EDIT THIS FILE. IT WILL GET OVERWRITTEN IN AN UPDATE.

Instead, create your own. See the docs:
https://docs.phpvms.net/acars/configmaps

Contributed by B.Fatih KOZ <https://github.com/FatihKoz>
-->
<Rules>
  <Rule Simulator="X-Plane" TitleContains="Boeing 737-300 X-Aviation">
    <BeaconLights>
      <Key Type="Int" Key="ixeg/733/lighting/anti_col_lt_act" Value="1"/>
    </BeaconLights>
    <LandingLights>
      <Key Type="Int" Key="ixeg/733/lighting/l_inboard_ll_act" Value="1"/>
      <Key Type="Int" Key="ixeg/733/lighting/r_inboard_ll_act" Value="1"/>
      <Key Type="Int" Key="ixeg/733/lighting/l_outboard_ll_act" Value="1"/>
      <Key Type="Int" Key="ixeg/733/lighting/r_outboard_ll_act" Value="1"/>
    </LandingLights>
    <NavigationLights>
      <Key Type="Int" Key="ixeg/733/lighting/position_lt_act" Value="1"/>
    </NavigationLights>
    <StrobeLights>
      <Key Type="Int" Key="ixeg/733/lighting/strobe_lt_act" Value="1"/>
    </StrobeLights>
    <TaxiLight>
      <Key Type="Int" Key="ixeg/733/lighting/taxi_lt_act" Value="1"/>
    </TaxiLight>
    <WingLight>
      <Key Type="Int" Key="ixeg/733/lighting/wing_lt_act" Value="1"/>
    </WingLight>
    <LogoLight>
      <Key Type="Int" Key="ixeg/733/lighting/logo_lt_act" Value="1"/>
    </LogoLight>
  </Rule>
</Rules>